step,loss,enc_grad_norm,lr,elapsed_s
1,0.4499310553073883,2.7452614307403564,2.0000000000000002e-07,0.6
100,0.21861149039533403,0.8648793692089091,2e-05,4.9
200,0.07887405503541231,0.1616240030527115,4e-05,9.3
300,0.02362571023404598,0.20379599392414094,6e-05,13.6
400,0.011821849253028632,0.2344833169877529,8e-05,17.9
500,0.00802763540763408,0.15812312208116056,0.0001,22.2
600,0.0066861130995675925,0.18814067516475916,9.997266286704631e-05,26.5
700,0.005559149510227144,0.17627768397331237,9.989068136093873e-05,30.8
800,0.004916714776773006,0.17704092495143414,9.975414512725057e-05,35.1
900,0.00436582307331264,0.1798583924025297,9.956320346634876e-05,39.6
1000,0.0038059792248532178,0.1460980013757944,9.931806517013612e-05,44.0
1100,0.0036045978125184776,0.1638013906404376,9.901899829374047e-05,48.3
1200,0.0032425238261930642,0.14532749466598033,9.86663298624003e-05,52.6
1300,0.00307657333323732,0.14573147367686035,9.826044551386744e-05,56.9
1400,0.002924671792425215,0.13255793545395136,9.780178907671789e-05,61.3
1500,0.002717474012169987,0.1406310535594821,9.729086208503174e-05,65.6
1600,0.0026739476958755402,0.13611676886677743,9.672822322997305e-05,69.9
1700,0.0025080399913713337,0.14307873554527759,9.611448774886924e-05,74.2
1800,0.00251403555390425,0.1317278129607439,9.545032675245813e-05,78.5
1900,0.0023253612173721196,0.12424944691359997,9.473646649103818e-05,82.8
2000,0.002103547449223697,0.10706672705709934,9.397368756032445e-05,87.1
2100,0.002146442180965096,0.11851125098764896,9.316282404787871e-05,91.4
2200,0.001999356016749516,0.11009285986423492,9.230476262104677e-05,95.8
2300,0.0018981577560771257,0.10314807429909706,9.140044155740101e-05,100.1
2400,0.0018736534635536372,0.10809425927698613,9.045084971874738e-05,104.5
2500,0.0018883780413307249,0.113098583817482,8.945702546981969e-05,108.9
2600,0.0018805215600878,0.11599131241440773,8.842005554284296e-05,113.4
2700,0.0018623643496539443,0.11307495422661304,8.73410738492077e-05,117.7
2800,0.0016577435587532819,0.09851404424756766,8.622126023955446e-05,122.0
2900,0.0016704612097237258,0.09935248803347349,8.506183921362443e-05,126.3
3000,0.001618421575985849,0.0966904690861702,8.386407858128706e-05,130.6
3100,0.0015158941282425076,0.09426790222525597,8.262928807620843e-05,134.9
3200,0.0015488840301986783,0.10208679396659136,8.135881792367686e-05,139.2
3300,0.0014463547465857118,0.098435892239213,8.005405736415126e-05,143.5
3400,0.0014535119233187288,0.09492926958948374,7.871643313414718e-05,147.8
3500,0.0014974395802710206,0.10365025851875544,7.734740790612136e-05,152.1
3600,0.0013744299148675055,0.09224396537989378,7.594847868906076e-05,156.5
3700,0.0013664030318614095,0.08922846350818872,7.452117519152542e-05,160.8
3800,0.0012621748849051073,0.08114586658775806,7.30670581489344e-05,165.2
3900,0.0012580803368473425,0.08058275125920772,7.158771761692464e-05,169.5
4000,0.0012333985074656085,0.0872102290391922,7.008477123264848e-05,173.9
4100,0.0012976196588715537,0.09974385067820549,6.855986244591104e-05,178.4
4200,0.00127720492600929,0.09125399898737668,6.701465872208216e-05,182.7
4300,0.0011747150326846167,0.08230666348710657,6.545084971874738e-05,187.1
4400,0.0011524652235675604,0.08364593558013439,6.387014543809223e-05,191.4
4500,0.0011272952618310227,0.08014331430196762,6.227427435703997e-05,195.8
4600,0.0011419450445100665,0.07932105638086796,6.066498153718735e-05,200.1
4700,0.001070311184739694,0.0734736504778266,5.90440267166055e-05,204.4
4800,0.001036069790716283,0.0743849665671587,5.74131823855921e-05,208.7
4900,0.0009991403709864244,0.07420295953750611,5.577423184847932e-05,213.0
5000,0.0010288140142802149,0.07438793759793043,5.4128967273616625e-05,217.4
5100,0.0010007013118593022,0.07524307219311595,5.247918773366112e-05,221.7
5200,0.001020592328859493,0.07673979066312313,5.0826697238317935e-05,226.0
5300,0.0010565303923795,0.09230928625911475,4.917330276168208e-05,230.3
5400,0.0009929992852266878,0.07937353879213332,4.7520812266338885e-05,234.7
5500,0.0008940209390129894,0.06324175883084536,4.5871032726383386e-05,239.0
5600,0.0009057081129867584,0.06851255044341087,4.4225768151520694e-05,243.5
5700,0.0008375641750171781,0.061770481783896686,4.2586817614407895e-05,248.0
5800,0.0008299228327814489,0.06295810850337148,4.095597328339452e-05,252.3
5900,0.0008511607092805207,0.06885437536984682,3.933501846281267e-05,256.6
6000,0.000808243986684829,0.05229279711842537,3.772572564296005e-05,260.9
6100,0.0007687243999680505,0.0579501779936254,3.612985456190778e-05,265.2
6200,0.0007617411867249757,0.05556491483002901,3.4549150281252636e-05,269.6
6300,0.0007671872829087079,0.059664770402014254,3.298534127791785e-05,273.9
6400,0.0007700237928656861,0.06214530192315579,3.144013755408895e-05,278.3
6500,0.0007514875568449497,0.06060464728623629,2.991522876735154e-05,282.6
6600,0.0007607325538992882,0.06043894723057747,2.8412282383075363e-05,286.9
6700,0.0007870198774617165,0.0683645579777658,2.693294185106562e-05,291.3
6800,0.000705229778541252,0.05413481818512082,2.547882480847461e-05,295.6
6900,0.0007037102532922291,0.05155797056853771,2.405152131093926e-05,299.9
7000,0.0006827530433656648,0.05072689220309257,2.2652592093878666e-05,304.2
7100,0.0006762941845227032,0.05010885370895266,2.128356686585282e-05,308.6
7200,0.0006876322097377852,0.053811305332928897,1.9945942635848748e-05,313.0
7300,0.000658210405963473,0.05095603873953223,1.8641182076323148e-05,317.5
7400,0.0006401043178630062,0.04608849873766303,1.7370711923791567e-05,321.8
7500,0.0006299613011651672,0.04514612998813391,1.6135921418712956e-05,326.2
7600,0.0006285828643012792,0.046077717114239934,1.4938160786375572e-05,330.5
7700,0.000618049387121573,0.042179147023707626,1.3778739760445552e-05,334.8
7800,0.0006035720219369978,0.04602864289656281,1.2658926150792322e-05,339.2
7900,0.000587864285625983,0.04100100345909596,1.157994445715706e-05,343.5
8000,0.0005944836989510804,0.04064143043011427,1.0542974530180327e-05,347.8
8100,0.000588948757504113,0.0411103499494493,9.549150281252633e-06,352.2
8200,0.0005714348395122215,0.0381038736179471,8.599558442598998e-06,356.5
8300,0.0005770587138249539,0.04013913802802563,7.695237378953223e-06,360.9
8400,0.0005657588766189292,0.03834947362542152,6.837175952121306e-06,365.2
8500,0.000571687142655719,0.03811078500002622,6.026312439675552e-06,369.5
8600,0.000560477253748104,0.037326034028083085,5.263533508961827e-06,373.8
8700,0.0005543118735658936,0.03594926731660962,4.549673247541875e-06,378.2
8800,0.0005488897848408669,0.034934338564053175,3.885512251130763e-06,382.7
8900,0.000552348330093082,0.03180355604737997,3.271776770026963e-06,387.1
9000,0.0005511212907731533,0.03256234772503376,2.7091379149682685e-06,391.5
9100,0.0005293646579957567,0.0332407508790493,2.1982109232821178e-06,395.8
9200,0.0005327516488614492,0.03187820175662637,1.7395544861325718e-06,400.1
9300,0.0005290677255834453,0.0308190743252635,1.333670137599713e-06,404.4
9400,0.0005331771870260126,0.03112072989344597,9.810017062595322e-07,408.8
9500,0.000523952744260896,0.030510329622775317,6.819348298638839e-07,413.1
9600,0.0005300457254634239,0.030217588180676103,4.367965336512403e-07,417.4
9700,0.0005318056949181482,0.030424009542912245,2.458548727494292e-07,421.8
9800,0.0005314102256670594,0.03021444016136229,1.0931863906127327e-07,426.1
9900,0.0005315499525750056,0.02932255940511823,2.7337132953697554e-08,430.4
10000,0.0005149976670509205,0.028108822582289576,0.0,434.7
